{
  "total_return": 0.03070591959480895,
  "cagr": 0.12646618184685043,
  "sharpe": 1.0264400230773552,
  "sortino": 1.3984437131943648,
  "calmar": 3.5373865618193507,
  "max_drawdown": -0.035751303861403905,
  "volatility": 0.12337058272660391,
  "win_rate": 0.5873015873015873,
  "best_day": 0.024865614704352224,
  "worst_day": -0.0298035711330652,
  "num_trades": 1
}